BGC,ORF,MODULE,PRISM-AA,CLUSTER_START,CLUSTER_END,GRAPE-AA
BGC0001192.1,3,2,Dab,0,41172,Dab
BGC0001192.1,3,3,Thr,0,41172,Thr
BGC0001192.1,3,4,Dab,0,41172,Dab
BGC0001192.1,3,5,Dab,0,41172,Dab
BGC0001192.1,3,6,Dab,0,41172,Dab
BGC0001192.1,1,1,Phe,0,41172,Leu
BGC0001192.1,1,2,Ile,0,41172,Leu
BGC0001192.1,1,3,Dab,0,41172,Dab
BGC0001192.1,1,4,Dab,0,41172,Dab
BGC0001192.1,2,1,Thr,0,41172,Thr
BGC0000306,1,2,Ser,0,25208,Ser
BGC0000306,1,3,Phe,0,25208,Ala
BGC0000306,2,1,Gly,0,25208,Gly
BGC0000306,2,2,Hpg,0,25208,Hpg
BGC0000306,2,3,Phe,0,25208,Ala
BGC0000306,2,4,Trp,0,25208,Tyr
BGC0000463.1,-,-,-,0,39980,Leu
BGC0000463.1,-,-,-,0,39980,Glu
BGC0000463.1,1,1,Ser,0,39980,Gln
BGC0000463.1,1,2,Val,0,39980,Val
BGC0000463.1,1,3,Leu,0,39980,Leu
BGC0000463.1,1,4,Ser,0,39980,Gln
BGC0000463.1,1,5,Ser,0,39980,Ser
BGC0000463.1,1,6,Val,0,39980,Val
BGC0000463.1,1,7,Leu,0,39980,Leu
BGC0000463.1,1,8,Ser,0,39980,Gln
BGC0000463.1,2,1,Leu,0,39980,Leu
BGC0000463.1,2,2,Leu,0,39980,Leu
BGC0000463.1,2,3,Ser,0,39980,Gln
BGC0000463.1,2,4,Ile,0,39980,Ile
BGC0000310,1,1,Ile,1450,44337,Ile
BGC0000310,1,2,Cys,1450,44337,Cys
BGC0000310,1,3,Leu,1450,44337,Leu
BGC0000310,1,4,Glu,1450,44337,Glu
BGC0000310,1,5,Ile,1450,44337,Ile
BGC0000310,2,1,Lys,1450,44337,Lys
BGC0000310,2,2,Orn,1450,44337,Orn
BGC0000310,3,1,Ile,1450,44337,Ile
BGC0000310,3,2,Phe,1450,44337,Phe
BGC0000310,3,3,His,1450,44337,His
BGC0000310,3,4,Asp,1450,44337,Asp
BGC0000310,3,5,Asn,1450,44337,Asn
BGC0000413,-,-,-,23150,56227,
BGC0000413,-,-,-,23150,56227,Mal
BGC0000413,3,1,Asp,23150,56227,Unk
BGC0000413,3,2,OHOrn,23150,56227,Unk
BGC0000413,3,3,Orn,23150,56227,OHOrn
BGC0000413,2,1,Thr,23150,56227,-
BGC0000413,2,2,Ser,23150,56227,Gln
BGC0000413,1,1,Ser,23150,56227,Gln
BGC0000413,1,2,OHOrn,23150,56227,OHOrn
BGC0000413,1,3,Orn,23150,56227,Gly
BGC0001695,2,1,Mal,3942,39629,
BGC0001695,-,-,-,3942,39629,IBu
BGC0001695,1,2,Thr,3942,39629,Thr
BGC0001312,-,-,-,5757,29936,Leu
BGC0001312,-,-,-,5757,29936,Glu
BGC0001312,1,1,Thr,5757,29936,Thr
BGC0001312,1,2,Val,5757,29936,Val
BGC0001312,1,3,Leu,5757,29936,Leu
BGC0001312,1,4,Ser,5757,29936,Ser
BGC0001312,2,1,Leu,5757,29936,Leu
BGC0001312,2,2,Ser,5757,29936,Ser
BGC0001312,2,3,Ile,5757,29936,Ile
BGC0001657,-,-,-,5994,53263,
BGC0001657,-,-,-,5994,53263,Mal
BGC0001657,-,-,-,5994,53263,Mal
BGC0001657,1,2,Thr,5994,53263,Thr
BGC0001657,1,3,Orn,5994,53263,Arg
BGC0001657,1,4,Ser,5994,53263,Ser
BGC0001657,1,5,Gly,5994,53263,Gly
BGC0001657,1,6,Phe,5994,53263,Phe
BGC0001657,1,7,Trp,5994,53263,Leu
BGC0001657,1,8,Orn,5994,53263,Arg
BGC0001657,2,1,Ser,5994,53263,Glu
BGC0001657,2,2,Gly,5994,53263,Gln
BGC0001657,2,3,Trp,5994,53263,Trp
BGC0001657,2,4,Val,5994,53263,Ile
BGC0001657,2,5,Thr,5994,53263,Thr
BGC0001131,-,-,-,7988,27977,Lys
BGC0001131,1,1,Ser,7988,27977,Ser
BGC0001131,1,2,Arg,7988,27977,-
BGC0001131,1,3,Arg,7988,27977,Gln
BGC0001131,1,4,Phe,7988,27977,Phe
BGC0001131,1,5,Arg,7988,27977,Leu
BGC0001131,1,6,Arg,7988,27977,Phe
BGC0001393,1,1,Val,5583,28869,Val
BGC0001393,-,-,-,5583,28869,Trp
BGC0001393,-,-,-,5583,28869,Leu
BGC0001393,1,2,Val,5583,28869,Val
BGC0001393,3,1,Val,5583,28869,Val
BGC0001393,4,1,Val,5583,28869,Val
BGC0001393,6,1,Cys,5583,28869,Cys
BGC0001562,-,-,-,3385,19443,Trp
BGC0001562,3,1,Val,3385,19443,Val
BGC0001562,-,-,-,3385,19443,Leu
BGC0001562,-,-,-,3385,19443,Ile
BGC0001562,2,1,Orn,3385,19443,Orn
BGC0001562,2,2,Asn,3385,19443,OHAsn
BGC0001341,-,-,-,0,20767,Mal
BGC0001341,-,-,-,0,20767,Val
BGC0001341,-,-,-,0,20767,Val
BGC0001341,3,2,Val,0,20767,Val
BGC0001341,2,2,Val,0,20767,Val
BGC0000378,9,1,Hpg,2933,50091,Orn
BGC0000378,6,1,Piz,2933,50091,Glu
BGC0000378,6,2,Ser,2933,50091,-
BGC0000378,6,4,Trp,2933,50091,Trp
BGC0000378,1,1,Leu,2933,50091,Ile
BGC0000342,1,1,OHVal,1020,10416,Ile
BGC0000342,-,-,-,1020,10416,Cma
BGC0000342,1,2,Val,1020,10416,Val
BGC0000453,-,-,-,19525,37802,Mal
BGC0000453,-,-,-,19525,37802,Val
BGC0000453,-,-,-,19525,37802,Val
BGC0000453,1,2,Val,19525,37802,Val
BGC0000453,2,2,Val,19525,37802,Val
BGC0001207,1,1,Phe,7976,46377,Phe
BGC0001207,1,2,Val,7976,46377,Ile
BGC0001207,1,3,Ser,7976,46377,Ser
BGC0001207,1,4,Asp,7976,46377,Gln
BGC0001207,1,5,Val,7976,46377,Ile
BGC0001207,1,6,Val,7976,46377,Ile
BGC0001207,2,1,Ser,7976,46377,Ser
BGC0001207,2,2,Thr,7976,46377,Thr
BGC0001207,2,3,Ser,7976,46377,Ala
BGC0001207,2,4,Lys,7976,46377,Arg
BGC0001207,2,5,Val,7976,46377,Ile
BGC0001196,3,1,Trp,7767,39531,Trp
BGC0001196,3,2,Trp,7767,39531,Leu
BGC0001196,2,1,Trp,7767,39531,Leu
BGC0001196,2,2,Val,7767,39531,Ile
BGC0001196,1,1,Asn,7767,39531,Asn
BGC0001196,1,2,Gly,7767,39531,Gly
BGC0000416.3,-,-,-,0,15337,Leu
BGC0000416.3,1,1,Phe,0,15337,Val
BGC0000416.3,-,-,-,0,15337,Val
BGC0000416.3,2,1,Phe,0,15337,Val
BGC0000416.3,3,1,Phe,0,15337,Val
BGC0000367,2,1,Val,6118,59995,Val
BGC0000367,2,2,Gly,6118,59995,Gly
BGC0000367,3,1,Gly,6118,59995,Ala
BGC0000367,3,2,Leu,6118,59995,Leu
BGC0000367,3,3,Ala,6118,59995,Ala
BGC0000367,3,4,Val,6118,59995,Val
BGC0000367,3,5,Ala,6118,59995,Val
BGC0000367,3,6,Val,6118,59995,Val
BGC0000367,-,-,-,6118,59995,Trp
BGC0000367,4,1,Val,6118,59995,Leu
BGC0000367,-,-,-,6118,59995,Trp
BGC0000367,4,2,Val,6118,59995,Leu
BGC0000367,4,3,Trp,6118,59995,Trp
BGC0000367,4,4,Leu,6118,59995,Leu
BGC0000367,4,5,Trp,6118,59995,Trp
BGC0000379,4,2,Asn,22787,74780,Asp
BGC0000379,4,4,Pro,22787,74780,Pip
BGC0000379,5,1,Gly,22787,74780,Gly
BGC0000379,5,2,Asp,22787,74780,Asp
BGC0000379,5,3,Gly,22787,74780,Gly
BGC0000379,5,4,Asn,22787,74780,Asp
BGC0000379,5,5,Gly,22787,74780,Gly
BGC0000379,5,6,Thr,22787,74780,Thr
BGC0000379,6,1,Val,22787,74780,Ile
BGC0000379,6,2,Pro,22787,74780,Pro
BGC0000379,1,1,Dap,22787,74780,Dap
BGC0000443,-,-,-,5608,37484,
BGC0000443,-,-,-,5608,37484,Mal
BGC0000443,-,-,-,5608,37484,Mal
BGC0000443,-,-,-,5608,37484,Mal
BGC0000443,-,-,-,5608,37484,Mal
BGC0000443,-,-,-,5608,37484,Mal
BGC0000443,-,-,-,5608,37484,Mal
BGC0000443,-,-,-,5608,37484,Mal
BGC0000443,1,2,Ser,5608,37484,Ser
BGC0000443,1,3,Arg,5608,37484,Orn
BGC0000443,1,4,OHAsp,5608,37484,Asp
BGC0000443,1,5,Ser,5608,37484,Ser
BGC0000443,-,-,-,5608,37484,
BGC0000443,-,-,-,5608,37484,Mal
BGC0000443,1,6,His,5608,37484,-
BGC0000443,2,1,Thr,5608,37484,-
BGC0000443,2,2,Thr,5608,37484,Dhab
BGC0000443,2,3,Asp,5608,37484,OHAsp
BGC0000443,3,1,Thr,5608,37484,Thr
BGC0000461,-,-,-,783,50851,
BGC0000461,-,-,-,783,50851,Mal
BGC0000461,-,-,-,783,50851,Mal
BGC0000461,-,-,-,783,50851,Mal
BGC0000461,2,2,Ser,783,50851,Ser
BGC0000461,2,3,Asn,783,50851,OHAsn
BGC0000461,2,4,Ser,783,50851,Ser
BGC0000461,2,5,Gly,783,50851,Gly
BGC0000461,2,6,Phe,783,50851,Phe
BGC0000461,2,7,Trp,783,50851,Leu
BGC0000461,2,8,Orn,783,50851,Orn
BGC0000461,1,1,Ser,783,50851,Glu
BGC0000461,1,2,Asn,783,50851,Asn
BGC0000461,1,3,Gly,783,50851,Trp
BGC0000461,1,4,Orn,783,50851,Orn
BGC0000461,1,5,Val,783,50851,Val
BGC0000332,1,1,Gln,3952,30858,-
BGC0000332,2,1,Thr,3952,30858,Thr
BGC0000332,3,1,Leu,3952,30858,-
BGC0000332,3,2,Arg,3952,30858,Arg
BGC0000332,-,-,-,3952,30858,Glu
BGC0000332,3,3,Tyr,3952,30858,Ile
BGC0000332,3,4,Tyr,3952,30858,Phe
BGC0000332,5,1,Ile,3952,30858,Ile
BGC0001822,2,3,Ser,184,37905,Ala
BGC0001822,2,4,Leu,184,37905,Leu
BGC0001822,3,1,Pro,184,37905,Nva
BGC0001822,3,2,Cys,184,37905,Cys
BGC0001822,4,1,Thr,184,37905,Dhab
BGC0001822,4,2,Pro,184,37905,Pip
BGC0001822,4,3,Thr,184,37905,Thr
BGC0001822,5,1,Val,184,37905,Val
BGC0000416.4,-,-,-,0,15337,Val
BGC0000416.4,1,1,Phe,0,15337,Leu
BGC0000416.4,2,1,Phe,0,15337,Val
BGC0000416.4,3,1,Phe,0,15337,Val
BGC0000416.2,-,-,-,0,15337,Val
BGC0000416.2,-,-,-,0,15337,Leu
BGC0000416.2,1,1,Phe,0,15337,Val
BGC0000416.2,2,1,Phe,0,15337,Val
BGC0000416.2,3,1,Phe,0,15337,Val
BGC0000425,1,2,Thr,4805,64995,Dhab
BGC0000425,-,-,-,4805,64995,
BGC0000425,-,-,-,4805,64995,Mal
BGC0000425,-,-,-,4805,64995,Mal
BGC0000425,1,3,Pro,4805,64995,-
BGC0000425,-,-,-,4805,64995,Mal
BGC0000425,-,-,-,4805,64995,EtM
BGC0000425,1,4,Ser,4805,64995,Ser
BGC0000425,1,5,Leu,4805,64995,Leu
BGC0000425,1,6,Val,4805,64995,Val
BGC0000425,1,7,Ser,4805,64995,Gln
BGC0000425,2,1,Leu,4805,64995,Leu
BGC0000425,2,2,Val,4805,64995,Val
BGC0000425,2,3,Val,4805,64995,Val
BGC0000425,2,4,Ser,4805,64995,Gln
BGC0000425,2,5,Leu,4805,64995,Leu
BGC0000425,2,6,Val,4805,64995,Val
BGC0000425,3,1,Thr,4805,64995,Dhab
BGC0000425,3,2,Thr,4805,64995,Thr
BGC0000425,3,3,Ile,4805,64995,Ile
BGC0000425,3,4,Asp,4805,64995,Ser
BGC0000425,3,5,Dab,4805,64995,Dab
BGC0000425,3,6,Arg,4805,64995,Lys
BGC0001448,-,-,-,2470,48243,
BGC0001448,-,-,-,2470,48243,Mal
BGC0001448,-,-,-,2470,48243,Mal
BGC0001448,-,-,-,2470,48243,Mal
BGC0001448,4,2,Asn,2470,48243,MeAsp
BGC0001448,4,4,Val,2470,48243,Val
BGC0001448,5,1,Orn,2470,48243,Lys
BGC0001448,5,2,Asp,2470,48243,OHAsp
BGC0001448,5,3,Asp,2470,48243,Asp
BGC0001448,5,4,Gly,2470,48243,Gly
BGC0001448,5,5,Asp,2470,48243,MeAsp
BGC0001448,6,1,Val,2470,48243,Val
BGC0001448,6,2,Pro,2470,48243,MePro
BGC0001448,1,1,Dap,2470,48243,Dab
BGC0000452,1,1,Phe,8609,47451,Phe
BGC0000452,2,1,Pro,8609,47451,Pro
BGC0000452,2,2,Tyr,8609,47451,Phe
BGC0000452,2,3,Phe,8609,47451,Phe
BGC0000452,3,1,Asn,8609,47451,Asn
BGC0000452,3,2,Gln,8609,47451,Gln
BGC0000452,3,3,Tyr,8609,47451,Tyr
BGC0000452,3,4,Val,8609,47451,Val
BGC0000452,3,5,Orn,8609,47451,Orn
BGC0000452,3,6,Leu,8609,47451,Leu
BGC0000389,-,-,-,0,24248,Leu
BGC0000389,-,-,-,0,24248,Glu
BGC0000389,1,1,Thr,0,24248,Thr
BGC0000389,1,2,Val,0,24248,Ile
BGC0000389,1,3,Leu,0,24248,Leu
BGC0000389,1,4,Ser,0,24248,Ser
BGC0000389,2,1,Leu,0,24248,Leu
BGC0000389,2,2,Ser,0,24248,Ser
BGC0000389,2,3,Ile,0,24248,Ile
BGC0000397,1,1,Tyr,8495,34111,Tyr
BGC0000397,1,2,Gly,8495,34111,Gly
BGC0000397,1,3,Gln,8495,34111,Gln
BGC0000397,2,1,Ile,8495,34111,Ile
BGC0000397,2,2,Ser,8495,34111,Ser
BGC0000397,2,3,MePro,8495,34111,MePro
BGC0000397,2,4,Tyr,8495,34111,Phe
BGC0001406,4,2,Asn,15705,63810,Asp
BGC0001406,4,3,Ser,15705,63810,Ser
BGC0001406,4,4,Thr,15705,63810,Thr
BGC0001406,4,5,Thr,15705,63810,Thr
BGC0001406,5,1,Ser,15705,63810,Ala
BGC0001406,5,2,Gly,15705,63810,Gly
BGC0001406,5,3,Pro,15705,63810,Pro
BGC0001406,5,4,Trp,15705,63810,Trp
BGC0001406,5,5,Trp,15705,63810,Trp
BGC0001406,6,1,Hpg,15705,63810,OHLeu
BGC0001406,6,2,Pro,15705,63810,Pro
BGC0000464.1,-,-,-,8756,98732,EtM
BGC0000464.1,1,2,Pro,8756,98732,Pro
BGC0000464.1,1,3,Ala,8756,98732,Ala
BGC0000464.1,1,4,Val,8756,98732,Val
BGC0000464.1,1,5,Tyr,8756,98732,Leu
BGC0000464.1,1,6,Ile,8756,98732,Ile
BGC0000464.1,1,7,Thr,8756,98732,Thr
BGC0000464.1,1,8,Val,8756,98732,Val
BGC0000464.1,2,1,Ile,8756,98732,Val
BGC0000464.1,2,2,Val,8756,98732,Val
BGC0000464.1,3,1,Ala,8756,98732,Ala
BGC0000464.1,3,2,Phe,8756,98732,bAla
BGC0000464.1,3,3,Pro,8756,98732,Pro
BGC0000464.1,3,4,Val,8756,98732,-
BGC0000464.1,4,1,Tyr,8756,98732,-
BGC0000464.1,4,2,Phe,8756,98732,-
BGC0000464.1,4,3,Phe,8756,98732,-
BGC0000464.1,4,4,Asp,8756,98732,-
BGC0000464.1,4,5,Ser,8756,98732,-
BGC0000464.1,4,6,Asn,8756,98732,-
BGC0000464.1,4,7,Val,8756,98732,-
BGC0000464.1,5,1,Val,8756,98732,-
BGC0000464.1,5,2,Ile,8756,98732,-
BGC0000464.1,6,1,Ile,8756,98732,-
BGC0000464.1,6,2,Ile,8756,98732,-
BGC0000464.1,6,3,Arg,8756,98732,-
BGC0000464.1,6,4,Arg,8756,98732,Val
BGC0000433,1,2,Glu,8557,39779,Glu
BGC0000433,1,3,Leu,8557,39779,Leu
BGC0000433,1,4,Leu,8557,39779,Leu
BGC0000433,2,1,Val,8557,39779,Val
BGC0000433,2,2,Asp,8557,39779,Asp
BGC0000433,2,3,Leu,8557,39779,Leu
BGC0000433,3,1,Leu,8557,39779,Leu
BGC0001220,1,1,Orn,56221,78301,-
BGC0001220,1,2,Thr,56221,78301,Thr
BGC0001220,1,3,Unk,56221,78301,-
BGC0001220,1,4,Unk,56221,78301,Pro
BGC0001220,1,5,Thr,56221,78301,Thr
BGC0001220,-,-,-,56221,78301,OHLeu
BGC0001220,1,6,MePro,56221,78301,Gly
BGC0000424.1,3,2,Asp,3509,33575,OHAsp
BGC0000424.1,3,3,Ser,3509,33575,Ser
BGC0000424.1,3,4,Asp,3509,33575,OHAsp
BGC0000424.1,3,5,Thr,3509,33575,Thr
BGC0000424.1,3,6,Ser,3509,33575,Ser
BGC0000424.1,3,7,OHOrn,3509,33575,OHOrn
BGC0001127,1,1,Thr,6245,39770,Dhab
BGC0001127,2,1,Thr,6245,39770,Thr
BGC0001127,2,2,Trp,6245,39770,-
BGC0001127,3,1,Thr,6245,39770,Thr
BGC0001127,-,-,-,6245,39770,Tyr
BGC0001127,3,2,Gln,6245,39770,Gln
BGC0001127,3,3,Gly,6245,39770,Gly
BGC0001127,-,-,-,6245,39770,Dhab
BGC0001127,4,1,Thr,6245,39770,Thr
BGC0001127,4,2,Ser,6245,39770,His
BGC0000439,-,-,-,6078,74559,
BGC0000439,-,-,-,6078,74559,Mal
BGC0000439,-,-,-,6078,74559,Mal
BGC0000439,-,-,-,6078,74559,Mal
BGC0000439,3,2,Trp,6078,74559,Trp
BGC0000439,3,3,Asn,6078,74559,Asn
BGC0000439,3,4,Asn,6078,74559,Asp
BGC0000439,3,5,Thr,6078,74559,Thr
BGC0000439,3,6,Gly,6078,74559,Gly
BGC0000439,4,1,Orn,6078,74559,Orn
BGC0000439,4,2,Asn,6078,74559,Asp
BGC0000439,4,3,Glu,6078,74559,Ala
BGC0000439,4,4,Asn,6078,74559,Asp
BGC0000439,4,5,Gly,6078,74559,Gly
BGC0000439,4,6,Phe,6078,74559,Ala
BGC0000439,5,1,MeGlu,6078,74559,Glu
BGC0000439,5,2,Phe,6078,74559,Kyn
BGC0001189,-,-,-,857,29036,
BGC0001189,-,-,-,857,29036,Mal
BGC0001189,3,1,Asp,857,29036,OHAsp
BGC0001189,4,1,Thr,857,29036,Thr
BGC0001189,4,2,Asp,857,29036,Asp
BGC0001189,5,1,OHOrn,857,29036,OHOrn
BGC0001189,5,2,Ser,857,29036,Ser
BGC0001189,5,3,OHOrn,857,29036,OHOrn
BGC0001582,2,1,Val,2,64407,Val
BGC0001582,2,2,Hpg,2,64407,Val
BGC0001582,2,3,Hpg,2,64407,Ile
BGC0001582,2,4,Thr,2,64407,Thr
BGC0001582,2,5,Thr,2,64407,Thr
BGC0001582,2,6,Hpg,2,64407,Val
BGC0001582,2,7,Phe,2,64407,Leu
BGC0001582,2,8,Hpg,2,64407,-
BGC0001582,2,9,Val,2,64407,Val
BGC0001582,2,10,Trp,2,64407,Val
BGC0001582,2,11,Hpg,2,64407,-
BGC0001582,2,12,Phe,2,64407,-
BGC0001582,2,13,Val,2,64407,Val
BGC0001582,1,1,Phe,2,64407,bPhe
BGC0001582,1,2,Trp,2,64407,-
BGC0001582,1,3,Thr,2,64407,Val
BGC0001565,1,1,Leu,9188,55043,Ala
BGC0001565,1,2,Leu,9188,55043,Leu
BGC0001565,1,3,Leu,9188,55043,Leu
BGC0001565,1,4,Val,9188,55043,Val
BGC0001565,1,5,Bmt,9188,55043,Bmt
BGC0001565,1,6,Leu,9188,55043,Thr
BGC0001565,1,7,Gly,9188,55043,Gly
BGC0001565,1,8,Leu,9188,55043,Leu
BGC0001565,1,9,Val,9188,55043,Val
BGC0001565,1,10,Leu,9188,55043,Leu
BGC0001565,1,11,Leu,9188,55043,Ala
BGC0000336,3,2,Trp,49411,101167,Trp
BGC0000336,3,3,Asn,49411,101167,Asn
BGC0000336,3,4,Asp,49411,101167,Asp
BGC0000336,3,5,Thr,49411,101167,Thr
BGC0000336,3,6,Gly,49411,101167,Gly
BGC0000336,4,1,Orn,49411,101167,Orn
BGC0000336,4,2,Asp,49411,101167,Asp
BGC0000336,4,3,Asp,49411,101167,Ala
BGC0000336,4,4,Asp,49411,101167,Asp
BGC0000336,4,5,Gly,49411,101167,Gly
BGC0000336,4,6,Ser,49411,101167,Ser
BGC0000336,5,1,MeGlu,49411,101167,Glu
BGC0000336,5,2,Trp,49411,101167,Kyn
BGC0000396,-,-,-,1367,13162,
BGC0000396,-,-,-,1367,13162,MeM
BGC0000396,-,-,-,1367,13162,MeM
BGC0000396,-,-,-,1367,13162,Mal
BGC0000396,-,-,-,1367,13162,MeM
BGC0000396,-,-,-,1367,13162,Glu
BGC0000396,1,1,Thr,1367,13162,Dhab
BGC0000396,1,2,MeAsp,1367,13162,MeAsp
BGC0000396,2,1,Leu,1367,13162,Arg
BGC0000300,1,1,Cys,5185,30716,-
BGC0000300,2,1,Ser,5185,30716,Ser
BGC0000300,-,-,-,5185,30716,
BGC0000300,-,-,-,5185,30716,Mal
BGC0000300,2,2,Ser,5185,30716,-
BGC0000300,3,1,Lys,5185,30716,Thr
BGC0000300,4,1,Ser,5185,30716,Ser
BGC0000300,4,2,Ser,5185,30716,Ser
BGC0000307,1,1,Unk,514,35485,-
BGC0000307,1,2,Leu,514,35485,Val
BGC0000307,1,3,Leu,514,35485,Phe
BGC0000307,1,4,Leu,514,35485,Phe
BGC0000307,1,5,Pro,514,35485,Pro
BGC0000307,1,6,Leu,514,35485,Ile
BGC0000307,1,7,Leu,514,35485,Val
BGC0000307,1,8,Leu,514,35485,Leu
BGC0000307,1,9,Leu,514,35485,Val
BGC0000438,1,2,Dhab,137,73725,Dhab
BGC0000438,1,3,Pro,137,73725,Pro
BGC0000438,1,4,Val,137,73725,Val
BGC0000438,-,-,-,137,73725,Ala
BGC0000438,-,-,-,137,73725,Ala
BGC0000438,1,5,Val,137,73725,Val
BGC0000438,-,-,-,137,73725,Leu
BGC0000438,1,6,Ala,137,73725,Ala
BGC0000438,2,1,Ala,137,73725,Ala
BGC0000438,2,2,Val,137,73725,Dhab
BGC0000438,2,3,Val,137,73725,Val
BGC0000438,2,4,Dhab,137,73725,Dhab
BGC0000438,2,5,Ala,137,73725,Ala
BGC0000438,3,1,Val,137,73725,Val
BGC0000438,3,2,Ala,137,73725,Ala
BGC0000438,3,3,Ala,137,73725,Ala
BGC0000438,3,4,Dhab,137,73725,Dhab
BGC0000438,3,5,Thr,137,73725,Thr
BGC0000438,3,6,Ser,137,73725,Ser
BGC0000438,3,7,Ala,137,73725,Ala
BGC0000438,3,8,Dhab,137,73725,Val
BGC0000438,3,9,Ala,137,73725,Ala
BGC0000438,3,10,Dab,137,73725,Dab
BGC0000438,3,11,Dab,137,73725,Dab
BGC0000438,3,12,Tyr,137,73725,Tyr
BGC0001825,-,-,-,0,14850,Hpg
BGC0001825,1,2,Thr,0,14850,Thr
BGC0001825,1,3,Phe,0,14850,Trp
BGC0001825,1,4,Phe,0,14850,Trp
BGC0001825,1,5,Ser,0,14850,bAla
BGC0001346.1,1,2,Leu,2410,30376,Leu
BGC0001346.1,1,3,Asp,2410,30376,Asp
BGC0001346.1,2,1,Thr,2410,30376,Thr
BGC0001346.1,2,2,Leu,2410,30376,Ile
BGC0001346.1,2,3,Leu,2410,30376,Leu
BGC0001346.1,2,4,Ser,2410,30376,Gln
BGC0001346.1,3,1,Leu,2410,30376,Leu
BGC0001346.1,3,2,Ile,2410,30376,Leu
BGC0001469,-,-,-,4131,26701,Cys
BGC0001469,-,-,-,4131,26701,Phe
BGC0001469,2,1,Ile,4131,26701,Ile
BGC0001469,1,1,Ser,4131,26701,-
BGC0001469,1,2,Cys,4131,26701,-
BGC0001469,1,3,Cys,4131,26701,Ala
BGC0001469,1,4,Cys,4131,26701,Cys
BGC0001469,1,5,Cys,4131,26701,Cys
BGC0001614,-,-,-,4810,47882,
BGC0001614,-,-,-,4810,47882,Mal
BGC0001614,-,-,-,4810,47882,Mal
BGC0001614,-,-,-,4810,47882,Mal
BGC0001614,-,-,-,4810,47882,Mal
BGC0001614,-,-,-,4810,47882,Mal
BGC0001614,-,-,-,4810,47882,Mal
BGC0001614,-,-,-,4810,47882,Mal
BGC0001614,3,2,Thr,4810,47882,Thr
BGC0001614,3,3,Thr,4810,47882,Thr
BGC0001614,2,1,Thr,4810,47882,Thr
BGC0001614,2,2,Phe,4810,47882,Tyr
BGC0001614,1,1,Thr,4810,47882,Dhab
BGC0001614,1,2,Ser,4810,47882,Gln
BGC0001614,1,3,Gly,4810,47882,Gly
BGC0001614,4,1,Thr,4810,47882,Thr
BGC0001614,4,2,Ser,4810,47882,Gln
BGC0001561,-,-,-,13039,17578,Ile
BGC0001561,-,-,-,13039,17578,Orn
BGC0001561,-,-,-,13039,17578,OHAsn
BGC0001561,1,1,Trp,13039,17578,Trp
BGC0001561,1,2,Val,13039,17578,Val
BGC0001561,-,-,-,13039,17578,Leu
BGC0000447.1,1,2,Thr,4794,65716,Dhab
BGC0000447.1,1,3,Pro,4794,65716,Pro
BGC0000447.1,1,4,Ser,4794,65716,Ser
BGC0000447.1,2,1,Leu,4794,65716,Leu
BGC0000447.1,2,2,Val,4794,65716,Val
BGC0000447.1,2,3,Ser,4794,65716,Ser
BGC0000447.1,3,1,Leu,4794,65716,Leu
BGC0000447.1,3,2,Val,4794,65716,Val
BGC0000447.1,3,3,Val,4794,65716,Val
BGC0000447.1,4,1,Ser,4794,65716,Gln
BGC0000447.1,4,2,Leu,4794,65716,Leu
BGC0000447.1,4,3,Val,4794,65716,Val
BGC0000447.1,5,1,Thr,4794,65716,Dhab
BGC0000447.1,5,2,Thr,4794,65716,Thr
BGC0000447.1,5,3,Leu,4794,65716,Ile
BGC0000447.1,5,4,Asp,4794,65716,Ser
BGC0000447.1,5,5,Dab,4794,65716,Dab
BGC0000447.1,5,6,Arg,4794,65716,Lys
BGC0000407,1,2,Glu,4393,47779,Glu
BGC0000407,1,3,Orn,4393,47779,Orn
BGC0000407,2,1,Tyr,4393,47779,Tyr
BGC0000407,2,2,Thr,4393,47779,Thr
BGC0000407,3,1,Glu,4393,47779,Glu
BGC0000407,3,2,Val,4393,47779,Ala
BGC0000407,4,1,Pro,4393,47779,Pro
BGC0000407,4,2,Glu,4393,47779,Gln
BGC0000407,4,3,Tyr,4393,47779,Tyr
BGC0000407,5,1,Ile,4393,47779,Ile
BGC0001250,-,-,-,0,14073,OHOrn
BGC0001250,-,-,-,0,14073,
BGC0001250,-,-,-,0,14073,Mal
BGC0001250,-,-,-,0,14073,OHOrn
BGC0001250,-,-,-,0,14073,Gly
BGC0001250,-,-,-,0,14073,
BGC0001250,-,-,-,0,14073,Mal
BGC0001250,-,-,-,0,14073,Gly
BGC0001250,-,-,-,0,14073,Gln
BGC0001250,1,1,Ala,0,14073,Gly
BGC0001250,1,2,Cys,0,14073,OHOrn
BGC0001250,1,3,Val,0,14073,Gly
BGC0001768,1,1,Ala,7267,24823,Val
BGC0001768,1,2,Ala,7267,24823,Leu
BGC0001768,1,3,Pro,7267,24823,Phe
BGC0001768,1,4,Ala,7267,24823,-
BGC0001768,1,5,Leu,7267,24823,Leu
BGC0000385,1,1,Phe,80816,117916,Leu
BGC0000385,1,2,Leu,80816,117916,Leu
BGC0000385,1,3,OHPhe,80816,117916,bPhe
BGC0000385,1,4,Phe,80816,117916,OHLeu
BGC0000385,2,1,Leu,80816,117916,Leu
BGC0000385,2,2,Arg,80816,117916,Arg
BGC0000385,2,3,Val,80816,117916,Ile
BGC0000385,2,4,Thr,80816,117916,Thr
BGC0000385,2,5,Gly,80816,117916,Gly
BGC0000385,2,6,OHAsn,80816,117916,OHAsn
BGC0000385,2,7,Ser,80816,117916,Ser
BGC0001532,1,1,Bmt,54,54488,Dhab
BGC0001532,2,1,Val,54,54488,Leu
BGC0001532,2,2,Lys,54,54488,Orn
BGC0001532,3,1,Ile,54,54488,Ile
BGC0001532,3,2,Ile,54,54488,Val
BGC0001532,3,3,Val,54,54488,Val
BGC0001532,3,4,Lys,54,54488,Lys
BGC0001532,4,1,Val,54,54488,Val
BGC0001532,4,2,Val,54,54488,Leu
BGC0001532,4,3,Lys,54,54488,Lys
BGC0001532,4,4,Phe,54,54488,Tyr
BGC0001532,5,1,Leu,54,54488,Leu
BGC0001532,5,2,Val,54,54488,Val
BGC0001153,3,2,Dab,2,40826,Dab
BGC0001153,3,3,Thr,2,40826,Thr
BGC0001153,3,4,Dab,2,40826,Dab
BGC0001153,3,5,Dab,2,40826,Dab
BGC0001153,3,6,Dab,2,40826,Dab
BGC0001153,1,1,Phe,2,40826,Phe
BGC0001153,1,2,Leu,2,40826,Leu
BGC0001153,1,3,Dab,2,40826,Dab
BGC0001153,1,4,Dab,2,40826,Dab
BGC0001153,2,1,Thr,2,40826,Thr
BGC0000399.1,1,2,Leu,2855,37374,Leu
BGC0000399.1,1,3,Ser,2855,37374,Glu
BGC0000399.1,2,1,Thr,2855,37374,Thr
BGC0000399.1,2,2,Ile,2855,37374,Ile
BGC0000399.1,2,3,Leu,2855,37374,Leu
BGC0000399.1,2,4,Ser,2855,37374,Ser
BGC0000399.1,3,1,Leu,2855,37374,Leu
BGC0000399.1,3,2,Leu,2855,37374,Leu
BGC0000399.1,3,3,Ser,2855,37374,Ser
BGC0000399.1,3,4,Val,2855,37374,Val
BGC0001371,1,1,Orn,14202,36072,-
BGC0001371,1,2,Thr,14202,36072,Thr
BGC0001371,1,3,Unk,14202,36072,-
BGC0001371,1,4,Unk,14202,36072,Pro
BGC0001371,1,5,Thr,14202,36072,Thr
BGC0001371,-,-,-,14202,36072,OHLeu
BGC0001371,1,6,MePro,14202,36072,Gly
BGC0000305,1,2,Leu,1641,39093,Leu
BGC0000305,1,3,Asp,1641,39093,Asp
BGC0000305,2,1,Thr,1641,39093,Thr
BGC0000305,2,2,Leu,1641,39093,Leu
BGC0000305,2,3,Leu,1641,39093,Leu
BGC0000305,2,4,Ser,1641,39093,Ser
BGC0000305,3,1,Leu,1641,39093,Leu
BGC0000305,3,2,Ser,1641,39093,Ser
BGC0000305,3,3,Ile,1641,39093,Ile
BGC0000305,3,4,Ile,1641,39093,Ile
BGC0000305,3,5,Asp,1641,39093,Asp
BGC0001233,1,1,Phe,21743,72176,-
BGC0001233,1,2,Phe,21743,72176,-
BGC0001233,1,3,Hpg,21743,72176,Hpg
BGC0001233,1,4,Phe,21743,72176,Dhpg
BGC0001233,2,1,Hpg,21743,72176,Val
BGC0001233,2,2,Phe,21743,72176,Dhpg
BGC0001233,2,3,Hpg,21743,72176,Hpg
BGC0001233,2,4,Phe,21743,72176,Dhpg
BGC0001233,2,5,Hpg,21743,72176,Hpg
BGC0001233,-,-,-,21743,72176,Dhpg
BGC0001233,2,6,Phe,21743,72176,Val
BGC0001233,-,-,-,21743,72176,Dhpg
BGC0001233,3,1,Hpg,21743,72176,Hpg
BGC0001233,3,2,Tyr,21743,72176,Phe
BGC0001233,3,3,Asp,21743,72176,Asp
BGC0000330,-,-,-,8970,34941,
BGC0000330,-,-,-,8970,34941,Mal
BGC0000330,4,1,Asp,8970,34941,OHAsp
BGC0000330,4,2,Dab,8970,34941,Dab
BGC0000330,3,1,Asp,8970,34941,OHAsp
BGC0000330,-,-,-,8970,34941,Gly
BGC0000330,2,1,OHOrn,8970,34941,OHOrn
BGC0000330,1,1,Gly,8970,34941,-
BGC0000312,-,-,-,21244,30685,Leu
BGC0000312,-,-,-,21244,30685,Leu
BGC0000312,1,1,OHVal,21244,30685,Leu
BGC0000312,1,2,Leu,21244,30685,Leu
BGC0001806,-,-,-,0,60453,
BGC0001806,-,-,-,0,60453,Mal
BGC0001806,1,2,Thr,0,60453,Dhab
BGC0001806,1,3,Pro,0,60453,Pro
BGC0001806,1,4,Ser,0,60453,Ser
BGC0001806,1,5,Leu,0,60453,Leu
BGC0001806,1,6,Val,0,60453,Val
BGC0001806,1,7,Ser,0,60453,Ser
BGC0001806,1,8,Leu,0,60453,Leu
BGC0001806,1,9,Val,0,60453,Val
BGC0001806,1,10,Val,0,60453,Val
BGC0001806,1,11,Ser,0,60453,Gln
BGC0001806,1,12,Leu,0,60453,Leu
BGC0001806,1,13,Val,0,60453,Val
BGC0001806,2,1,Thr,0,60453,Dhab
BGC0001806,2,2,Thr,0,60453,Thr
BGC0001806,2,3,Ile,0,60453,Ile
BGC0001806,2,4,Ser,0,60453,Ser
BGC0001806,2,5,Dab,0,60453,Dab
BGC0001806,2,6,Arg,0,60453,Lys
BGC0000323,-,-,-,1141,28374,His
BGC0000323,1,2,Leu,1141,28374,Leu
BGC0000323,1,3,Leu,1141,28374,Leu
BGC0000323,1,4,Ser,1141,28374,Gln
BGC0000323,2,1,Leu,1141,28374,Leu
BGC0000323,2,2,Ser,1141,28374,Gln
BGC0000323,2,3,Ile,1141,28374,Val
BGC0000323,2,4,Leu,1141,28374,Leu
BGC0000323,2,5,Leu,1141,28374,Leu
BGC0001214.1,2,2,Val,3152,37322,Val
BGC0001214.1,2,3,Thr,3152,37322,Thr
BGC0001214.1,2,4,Phe,3152,37322,Tyr
BGC0001214.1,3,1,Hpg,3152,37322,Ile
BGC0001214.1,4,2,Trp,3152,37322,Orn
BGC0001214.1,-,-,-,3152,37322,Leu
BGC0001214.1,4,3,Val,3152,37322,Val
BGC0000374.1,3,2,MePhe,11144,43017,Unk
BGC0000374.1,3,3,Thr,11144,43017,Thr
BGC0000374.1,3,4,MePhe,11144,43017,MePhe
BGC0000374.1,3,5,MePhe,11144,43017,Unk
BGC0000374.1,4,1,MePhe,11144,43017,MePhe
BGC0000374.1,4,2,Val,11144,43017,Ile
BGC0000374.1,4,3,Pip,11144,43017,-
BGC0001796,1,2,Phe,7736,27020,Tyr
BGC0001796,1,3,Ser,7736,27020,Ser
BGC0001796,1,4,Leu,7736,27020,Leu
BGC0001796,1,5,Phe,7736,27020,Trp
BGC0001796,1,6,Phe,7736,27020,End
BGC0000437,3,2,Dhab,2470,112116,-
BGC0000437,3,3,Pro,2470,112116,-
BGC0000437,3,4,Val,2470,112116,-
BGC0000437,3,5,Leu,2470,112116,-
BGC0000437,3,6,Ala,2470,112116,-
BGC0000437,4,1,Ala,2470,112116,-
BGC0000437,4,2,Ala,2470,112116,-
BGC0000437,4,3,Val,2470,112116,-
BGC0000437,4,4,Dhab,2470,112116,-
BGC0000437,4,5,Ala,2470,112116,-
BGC0000437,1,2,Ser,2470,112116,Ser
BGC0000437,1,3,Ser,2470,112116,Ser
BGC0000437,1,4,Dab,2470,112116,Dab
BGC0000437,1,5,Dab,2470,112116,Dab
BGC0000437,1,6,Arg,2470,112116,Arg
BGC0000437,1,7,Phe,2470,112116,Phe
BGC0000437,1,8,Dhab,2470,112116,Dhab
BGC0000437,1,9,OHAsp,2470,112116,OHAsp
BGC0000437,5,1,Val,2470,112116,-
BGC0000437,5,2,Ala,2470,112116,-
BGC0000437,5,3,Ala,2470,112116,-
BGC0000437,5,4,Dhab,2470,112116,-
BGC0000437,5,5,Thr,2470,112116,-
BGC0000437,5,6,Ser,2470,112116,-
BGC0000437,5,7,Ala,2470,112116,-
BGC0000437,5,8,Dhab,2470,112116,-
BGC0000437,5,9,Ala,2470,112116,-
BGC0000437,5,10,Dab,2470,112116,-
BGC0000437,5,11,Dab,2470,112116,-
BGC0000437,5,12,Tyr,2470,112116,-
BGC0000437,2,1,Thr,2470,112116,Thr
BGC0001569,3,1,Trp,4556,31769,Trp
BGC0001569,3,2,Val,4556,31769,Val
BGC0001569,3,3,Trp,4556,31769,Leu
BGC0001569,3,4,Val,4556,31769,Ile
BGC0001569,2,1,Orn,4556,31769,Orn
BGC0001569,2,2,Asn,4556,31769,OHAsn
BGC0001414,-,-,-,8500,56117,MeM
BGC0001414,1,2,Thr,8500,56117,Val
BGC0001414,1,3,Pro,8500,56117,MePro
BGC0001414,1,4,Thr,8500,56117,Thr
BGC0001414,1,5,Trp,8500,56117,Leu
BGC0001414,1,6,Pro,8500,56117,MePro
BGC0001414,1,7,Phe,8500,56117,Leu
BGC0001414,2,1,Thr,8500,56117,Val
BGC0001414,2,2,Pro,8500,56117,Pro
BGC0001414,2,3,Trp,8500,56117,Leu
BGC0001414,3,1,Gly,8500,56117,Gly
